{"0.25": [0.04997313272434175, 0.08113917248790972, 0.1370231058570661, 0.1663084363245567, 0.2070795271359484, 0.23112573885008061, 0.2637023105857066, 0.2929876410531972, 0.3138769478774852, 0.33543793659322946, 0.3532375067168189, 0.3656636217087587, 0.376947877485223, 0.39024717893605587, 0.4004567436861902, 0.4055615260612574, 0.4195996775926921, 0.4283315421816228, 0.43773508866200966, 0.44351155292853306], "0.5": [0.04997313272434175, 0.08113917248790972, 0.15132993014508328, 0.17960773777538958, 0.21466953250940354, 0.2379768941429339, 0.27028479312197745, 0.29963729177861365, 0.32059376679204726, 0.341886082751209, 0.35827512090274044, 0.37036539494895215, 0.3805749596990865, 0.3936727565824825, 0.4038151531434713, 0.40891993551853845, 0.4228909188608275, 0.432898979043525, 0.4417651800107469, 0.44740730789897903], "1": [0.05400322407307899, 0.08510209564750135, 0.16006179473401397, 0.18739924771628158, 0.2340811391724879, 0.2565824825362708, 0.286472326706072, 0.3144814615797958, 0.3353707684040838, 0.35565556152606126, 0.3710370768404084, 0.3825900053734551, 0.39179204728640515, 0.4039494895217625, 0.41328586781300375, 0.41812197743148843, 0.43148844707146694, 0.4398844707146695, 0.4495566899516389, 0.45620634067705534], "2": [0.04997313272434175, 0.08113917248790972, 0.15797958087049974, 0.18572004298764105, 0.2379097259537883, 0.25920204191295004, 0.2891590542718968, 0.32287748522299836, 0.3428936055883933, 0.36304406233207953, 0.3782240730789898, 0.3887023105857066, 0.3977700161203654, 0.4097931219774315, 0.4189279957012359, 0.42362976894142934, 0.43572004298764105, 0.445459430413756, 0.453788285867813, 0.45849005910800644], "4": [0.05756313809779688, 0.088527673293928, 0.15576303062869426, 0.1833019881783987, 0.23085706609349813, 0.2534927458355723, 0.2841214400859753, 0.3191832348199892, 0.3414830736163353, 0.3606931757119828, 0.3753358409457281, 0.38628425577646425, 0.39568780225685113, 0.4075094035464804, 0.41650994089199356, 0.4208758731864589, 0.4333691563675443, 0.4442504030091349, 0.45398979043524984, 0.4586243954862977]}