{"0.25": [0.050107469102632994, 0.08127350886620097, 0.13722461042450296, 0.16650994089199356, 0.20237775389575496, 0.22649113379903277, 0.25947071466953253, 0.2894277270284793, 0.3109215475550779, 0.332684040838259, 0.35061794734013974, 0.3633799032778076, 0.3747313272434175, 0.3883664696399785, 0.3987775389575497, 0.4039494895217625, 0.41812197743148843, 0.4269881783987104, 0.4363245566899516, 0.442101020956475, 0.442101020956475, 0.442101020956475, 0.4421681891456206, 0.4421681891456206, 0.4421681891456206, 0.4421681891456206, 0.4421681891456206, 0.4421681891456206, 0.4421681891456206, 0.44230252552391186, 0.4423696937130575, 0.4423696937130575, 0.4423696937130575, 0.4423696937130575, 0.4423696937130575, 0.4423696937130575, 0.4423696937130575, 0.4423696937130575, 0.4423696937130575, 0.4423696937130575, 0.4423696937130575, 0.4423696937130575, 0.44250403009134875, 0.44250403009134875, 0.44257119828049435, 0.44257119828049435, 0.44257119828049435, 0.44257119828049435, 0.44257119828049435, 0.44257119828049435, 0.44257119828049435, 0.44283987103707684, 0.4429070392262225, 0.4429742074153681, 0.4429742074153681, 0.4429742074153681, 0.4429742074153681, 0.4429742074153681, 0.4429742074153681, 0.4429742074153681, 0.4431085437936593, 0.4431085437936593, 0.4431757119828049, 0.4431757119828049, 0.44351155292853306, 0.44357872111767865, 0.4436458893068243, 0.4436458893068243, 0.4436458893068243, 0.44384739387426114, 0.4439145620634068, 0.4439145620634068, 0.4439817302525524, 0.4441832348199892, 0.4441832348199892, 0.4442504030091349, 0.4442504030091349, 0.44431757119828047, 0.4444519075765717, 0.44451907576571736, 0.4447205803331542, 0.4449892530897367, 0.44579527135948416, 0.44606394411606665, 0.44680279419666846, 0.44707146695325095, 0.44713863514239655, 0.4472729715206878, 0.4472729715206878, 0.4475416442772703, 0.4482804943578721, 0.4485491671144546, 0.4485491671144546, 0.44901934443847397, 0.44901934443847397, 0.44908651262761956, 0.44908651262761956, 0.44915368081676516, 0.4492880171950564, 0.44935518538420205], "0.5": [0.050107469102632994, 0.08127350886620097, 0.13722461042450296, 0.16650994089199356, 0.20237775389575496, 0.22649113379903277, 0.25947071466953253, 0.2894277270284793, 0.3109215475550779, 0.332684040838259, 0.35061794734013974, 0.3633799032778076, 0.3747313272434175, 0.3883664696399785, 0.3987775389575497, 0.4039494895217625, 0.41812197743148843, 0.4269881783987104, 0.4363245566899516, 0.442101020956475, 0.442101020956475, 0.442101020956475, 0.4421681891456206, 0.4421681891456206, 0.4421681891456206, 0.4421681891456206, 0.4421681891456206, 0.4421681891456206, 0.4421681891456206, 0.44230252552391186, 0.4423696937130575, 0.4423696937130575, 0.4423696937130575, 0.4423696937130575, 0.4423696937130575, 0.4423696937130575, 0.4423696937130575, 0.4423696937130575, 0.4423696937130575, 0.4423696937130575, 0.4423696937130575, 0.4423696937130575, 0.44250403009134875, 0.44250403009134875, 0.44257119828049435, 0.44257119828049435, 0.44257119828049435, 0.44257119828049435, 0.44257119828049435, 0.44257119828049435, 0.44257119828049435, 0.44283987103707684, 0.4429070392262225, 0.4429742074153681, 0.4429742074153681, 0.4429742074153681, 0.4429742074153681, 0.4429742074153681, 0.4429742074153681, 0.4429742074153681, 0.4431085437936593, 0.4431085437936593, 0.4431757119828049, 0.4431757119828049, 0.44351155292853306, 0.44357872111767865, 0.4436458893068243, 0.4436458893068243, 0.4436458893068243, 0.44384739387426114, 0.4439145620634068, 0.4439145620634068, 0.4439817302525524, 0.4441832348199892, 0.4441832348199892, 0.4442504030091349, 0.4442504030091349, 0.44431757119828047, 0.4444519075765717, 0.44451907576571736, 0.4447205803331542, 0.4449892530897367, 0.44579527135948416, 0.44606394411606665, 0.44680279419666846, 0.44707146695325095, 0.44713863514239655, 0.4472729715206878, 0.4472729715206878, 0.4475416442772703, 0.4482804943578721, 0.4485491671144546, 0.4485491671144546, 0.44901934443847397, 0.44901934443847397, 0.44908651262761956, 0.44908651262761956, 0.44915368081676516, 0.4492880171950564, 0.44935518538420205], "1": [0.050107469102632994, 0.08127350886620097, 0.13722461042450296, 0.16650994089199356, 0.20237775389575496, 0.22649113379903277, 0.25947071466953253, 0.2894277270284793, 0.3109215475550779, 0.332684040838259, 0.35061794734013974, 0.3633799032778076, 0.3747313272434175, 0.3883664696399785, 0.3987775389575497, 0.4039494895217625, 0.41812197743148843, 0.4269881783987104, 0.4363245566899516, 0.442101020956475, 0.442101020956475, 0.442101020956475, 0.4421681891456206, 0.4421681891456206, 0.4421681891456206, 0.4421681891456206, 0.4421681891456206, 0.4421681891456206, 0.4421681891456206, 0.44230252552391186, 0.4423696937130575, 0.4423696937130575, 0.4423696937130575, 0.4423696937130575, 0.4423696937130575, 0.4423696937130575, 0.4423696937130575, 0.4423696937130575, 0.4423696937130575, 0.4423696937130575, 0.4423696937130575, 0.4423696937130575, 0.44250403009134875, 0.44250403009134875, 0.44257119828049435, 0.44257119828049435, 0.44257119828049435, 0.44257119828049435, 0.44257119828049435, 0.44257119828049435, 0.44257119828049435, 0.44283987103707684, 0.4429070392262225, 0.4429742074153681, 0.4429742074153681, 0.4429742074153681, 0.4429742074153681, 0.4429742074153681, 0.4429742074153681, 0.4429742074153681, 0.4431085437936593, 0.4431085437936593, 0.4431757119828049, 0.4431757119828049, 0.44351155292853306, 0.44357872111767865, 0.4436458893068243, 0.4436458893068243, 0.4436458893068243, 0.44384739387426114, 0.4439145620634068, 0.4439145620634068, 0.4439817302525524, 0.4441832348199892, 0.4441832348199892, 0.4442504030091349, 0.4442504030091349, 0.44431757119828047, 0.4444519075765717, 0.44451907576571736, 0.4447205803331542, 0.4449892530897367, 0.44579527135948416, 0.44606394411606665, 0.44680279419666846, 0.44707146695325095, 0.44713863514239655, 0.4472729715206878, 0.4472729715206878, 0.4475416442772703, 0.4482804943578721, 0.4485491671144546, 0.4485491671144546, 0.44901934443847397, 0.44901934443847397, 0.44908651262761956, 0.44908651262761956, 0.44915368081676516, 0.4492880171950564, 0.44935518538420205],